{
  "raw_scores": {
    "NaiveBayes": [
      0.8044829534443675,
      0.8183591764216168,
      0.796275367627096,
      0.8124633290470483,
      0.799541335657214,
      0.8119566678209776,
      0.8087798008746333,
      0.7989805974955076,
      0.8034097842364244,
      0.8038777632625195
    ],
    "SVM": [
      0.8186370739848997,
      0.8188592943319005,
      0.8136212497090991,
      0.8223212972335068,
      0.8265027034951133,
      0.8256890452095931,
      0.8177764456274784,
      0.8287931034827903,
      0.8134910564045729,
      0.8280983558703422
    ],
    "LogisticReg": [
      0.7777969247083775,
      0.767371392778541,
      0.7554143933433198,
      0.7733889215510449,
      0.782478738337049,
      0.7772091554147568,
      0.7695625373910433,
      0.7728316310250198,
      0.7719806385761169,
      0.7847051078764361
    ],
    "RandomForest": [
      0.7450689953155906,
      0.7232770206603122,
      0.7313985116592567,
      0.740802460496934,
      0.7402861497757285,
      0.7263639920572587,
      0.7266137170243677,
      0.7468108550804259,
      0.7290114508999332,
      0.7501518304957521
    ],
    "KNN": [
      0.7452387375422358,
      0.7497927721021093,
      0.7304683836987991,
      0.7396695529641738,
      0.7365807939414607,
      0.7494811278486214,
      0.7311756887433895,
      0.7344613200279259,
      0.7415972341996292,
      0.7546025869577949
    ],
    "DecisionTree": [
      0.6648415047928443,
      0.6664594293240133,
      0.6668355013793302,
      0.6945761326662483,
      0.6715314351504583,
      0.6921344315550316,
      0.6741892419959327,
      0.6719673735545671,
      0.66328888050004,
      0.6855740690365107
    ],
    "XGBoost": [
      0.7590830499953226,
      0.7414089259331528,
      0.7349883708074474,
      0.7688600173818257,
      0.7574046096950388,
      0.7568972790934069,
      0.7439855650862678,
      0.7645440762672128,
      0.757197692980981,
      0.7549554597775717
    ]
  },
  "stats": {
    "NaiveBayes": {
      "mean": 0.8058126775887405,
      "std": 0.006963807386849637,
      "pval_vs_svm": 3.469165348757231e-05
    },
    "SVM": {
      "mean": 0.8213789625349296,
      "std": 0.005725995708815491,
      "pval_vs_svm": null
    },
    "LogisticReg": {
      "mean": 0.7732739441001705,
      "std": 0.008305304120771236,
      "pval_vs_svm": 1.1796859525620282e-11
    },
    "RandomForest": {
      "mean": 0.7359784983465559,
      "std": 0.00973920101343953,
      "pval_vs_svm": 4.346295309881568e-15
    },
    "KNN": {
      "mean": 0.7413068198026138,
      "std": 0.008320929330841524,
      "pval_vs_svm": 1.8903737280381626e-15
    },
    "DecisionTree": {
      "mean": 0.6751397999954977,
      "std": 0.01150004847482956,
      "pval_vs_svm": 3.1740486918669794e-18
    },
    "XGBoost": {
      "mean": 0.7539325047018226,
      "std": 0.010589194369105702,
      "pval_vs_svm": 7.71782522286586e-13
    }
  }
}